<?xml version="1.0" encoding="UTF-8" ?>
<!DOCTYPE mapper
PUBLIC "-//mybatis.org//DTD Mapper 3.0//EN"
"http://mybatis.org/dtd/mybatis-3-mapper.dtd">
<mapper namespace="kr.co.davizn.model.EmpDao">

	<!-- insertEmp -->
	<insert id="insertEmp" parameterType="kr.co.davizn.model.EmpDto">
		insert into emp (empno,ename,job,mgr,hiredate,sal,comm,deptno)
		values(#{empno},#{ename},#{job},#{mgr},#{hiredate},#{sal},#{comm},#{deptno})
	</insert>
	
	<!-- deleteEmp -->
	<delete id="deleteEmp" parameterType="Integer">
		delete emp where empno=#{empno}
	</delete>
	
	<!-- updateEmp -->
	<update id="updateEmp" parameterType="kr.co.davizn.model.EmpDto">
		update emp
		set job=#{jop},sal=#{sal},comm=#{comm},deptno=#{deptno}
		where empno=#{empno}
	</update>
	
	<!-- getEmp -->
	<select id="getEmp" parameterType="kr.co.davizn.model.EmpDto" resultType="kr.co.davizn.model.EmpDto">
		select (empno,ename,job,mgr,hiredate,sal,comm,deptno) from emp where empno=#{empno}
	</select>
	
	<!-- getEmpList -->
	<select id="getEmpList" parameterType="kr.co.davizn.model.EmpDto" resultType="kr.co.davizn.model.EmpDto">
		select (empno,ename,job,mgr,hiredate,sal,comm,deptno) from emp
	</select>
</mapper>







